{
	"registrations": [
		{
			"component": {
				"type": "git",
				"git": {
					"name": "atom/language-coffee-script",
					"repositoryUrl": "https://github.com/atom/language-coffee-script",
					"commitHash": "0f6db9143663e18b1ad00667820f46747dba495e"
				}
			},
			"license": "MIT",
			"description": "The file syntaxes/coffeescript.tmLanguage.json was derived from the Atom package https://github.com/atom/language-coffee-script which was originally converted from the TextMate bundle https://github.com/jashkenas/coffee-script-tmbundle.",
			"version": "0.49.3"
		}
	],
	"version": 1
}