{
	"comments": {
		"lineComment": "#",
		"blockComment": [ "###", "###" ]
	},
	"brackets": [
		["{", "}"],
		["[", "]"],
		["(", ")"]
	],
	"autoClosingPairs": [
		["{", "}"],
		["[", "]"],
		["(", ")"],
		{ "open": "\"", "close": "\"", "notIn": ["string"] },
		{ "open": "'", "close": "'", "notIn": ["string"] }
	],
	"surroundingPairs": [
		["{", "}"],
		["[", "]"],
		["(", ")"],
		["\"", "\""],
		["'", "'"],
		[" ", " "]
	],
	"folding": {
		"offSide": true,
		"markers": {
			"start": "^\\s*#region\\b",
			"end": "^\\s*#endregion\\b"
		}
	}
}
