{
	"displayName": "JSON Language Features",
	"description": "Provides rich language support for JSON files.",
	"json.schemas.desc": "Associate schemas to JSON files in the current project.",
	"json.schemas.url.desc": "A URL or absolute file path to a schema. Can be a relative path in workspace and workspace folder settings.",
	"json.schemas.fileMatch.desc": "An array of file patterns to match against when resolving JSON files to schemas. `*` and '**' can be used as a wildcard. Exclusion patterns can also be defined and start with '!'. A file matches when there is at least one matching pattern and the last matching pattern is not an exclusion pattern.",
	"json.schemas.fileMatch.item.desc": "A file pattern that can contain '*' and '**' to match against when resolving JSON files to schemas. When beginning with '!', it defines an exclusion pattern.",
	"json.schemas.schema.desc": "The schema definition for the given URL. The schema only needs to be provided to avoid accesses to the schema URL.",
	"json.format.enable.desc": "Enable/disable default JSON formatter",
	"json.format.keepLines.desc" : "Keep all existing new lines when formatting.",
	"json.validate.enable.desc": "Enable/disable JSON validation.",
	"json.tracing.desc": "Traces the communication between VS Code and the JSON language server.",
	"json.colorDecorators.enable.desc": "Enables or disables color decorators",
	"json.colorDecorators.enable.deprecationMessage": "The setting `json.colorDecorators.enable` has been deprecated in favor of `editor.colorDecorators`.",
	"json.schemaResolutionErrorMessage": "Unable to resolve schema.",
	"json.clickToRetry": "Click to retry.",
	"json.maxItemsComputed.desc": "The maximum number of outline symbols and folding regions computed (limited for performance reasons).",
	"json.maxItemsExceededInformation.desc": "Show notification when exceeding the maximum number of outline symbols and folding regions.",
	"json.enableSchemaDownload.desc": "When enabled, JSON schemas can be fetched from http and https locations.",
	"json.command.clearCache": "Clear Schema Cache",
	"json.command.sort": "Sort Document"
}
